Variable_name,Variable_type,Variable_label,Variable,% missing
aow_person_id,character,Age of Wonder person ID,aow_person_id,0
BiBPersonID,character,BiB cohort person ID,BiBPersonID,66.98874917
is_bib,numeric,Participant is in original BiB cohort,is_bib,0
aow_recruitment_id,character,Age of Wonder year group recruitment ID,aow_recruitment_id,0
birth_year,numeric,Year of birth,birth_year,0
birth_month,numeric,Month of birth,birth_month,0
recruitment_era,character,Recruitment era (academic year),recruitment_era,0
recruitment_year,numeric,Recruitment year,recruitment_year,0
recruitment_month,numeric,Recruitment month,recruitment_month,0
age_recruitment_y,numeric,Age at recruitment in years,age_recruitment_y,0
age_recruitment_m,numeric,Age at recruitment in months,age_recruitment_m,0
school_id,character,Pseudo school ID,school_id,0
year_group,haven_labelled,Year group at recruitment,year_group,0
form_tutor_id,character,Pseudo recruitment form tutor ID,form_tutor_id,0
gender,haven_labelled,Gender reported by school,gender,0
ethnicity_1,haven_labelled,Ethnicity reported by school - higher level category,ethnicity_1,0
ethnicity_2,haven_labelled,Ethnicity reported by school - lower level category,ethnicity_2,0.066181337
fsm,haven_labelled,Free school meals,fsm,0
sen,haven_labelled,Special educational needs provision,sen,3.467902052
LSOA11CD,character,"Home LSOA code, 2011 boundaries",LSOA11CD,0.066181337
IMD_2019_decile,integer,"Home IMD 2019 decile, national scale",IMD_2019_decile,0.066181337
IMD_2019_score,numeric,Home IMD 2019 score,IMD_2019_score,0.066181337
has_survey_m231,haven_labelled,Has AoW 2024 release survey module 231,has_survey_m231,0
has_survey_m232,haven_labelled,Has AoW 2024 release survey module 232,has_survey_m232,0
has_survey_m1,haven_labelled,Has AoW 2023 release survey module 1,has_survey_m1,0
has_survey_m2,haven_labelled,Has AoW 2023 release survey module 2,has_survey_m2,0
has_survey_m3,haven_labelled,Has AoW 2023 release survey module 3,has_survey_m3,0
has_survey_m4,haven_labelled,Has AoW 2023 release survey module 4,has_survey_m4,0
has_survey,haven_labelled,Has any AoW survey from any release,has_survey,0
has_bioimp,haven_labelled,Has AoW bioimpedance,has_bioimp,0
has_bp,haven_labelled,Has AoW blood pressures,has_bp,0
has_skinfld,haven_labelled,Has AoW skinfolds,has_skinfld,0
has_htwt,haven_labelled,Has AoW height/weight,has_htwt,0
has_measure,haven_labelled,Has any AoW health measure,has_measure,0
has_data,haven_labelled,Has any AoW data,has_data,0
age_survey_y,numeric,Age (years) at survey date,age_survey_y,0
age_survey231_m,numeric,Age (months) at survey date,age_survey231_m,0
survey231_version,haven_labelled,Survey version,survey231_version,0
survey231_mode,haven_labelled,Survey taken online or offline?,survey231_mode,0
awb1_2_country_brth,haven_labelled,What is your country of birth?,awb1_2_country_brth,4.963600265
aw1_2_years_lvd_a4,haven_labelled,How many years have you lived in the UK?,aw1_2_years_lvd_a4,88.02117803
aw1_2_years_lvd_r4,haven_labelled,How many years have you lived in the UK?,aw1_2_years_lvd_r4,100
awb1_2_ethnicity_r4,haven_labelled,What is your ethnicity?,awb1_2_ethnicity_r4,1.204500331
awb1_2_ethnicity_whte,haven_labelled,Ethnicity: White,awb1_2_ethnicity_whte,59.89410986
awb1_2_ethnicity_whte_othr,character,Ethnicity: White: other,awb1_2_ethnicity_whte_othr,0
awb1_2_ethnicity_mix,haven_labelled,Ethnicity: Mixed or Multiple ethnic groups,awb1_2_ethnicity_mix,95.10258107
awb1_2_ethnicity_mix_othr,character,Ethnicity: Mixed or Multiple ethnic groups: other,awb1_2_ethnicity_mix_othr,0
awb1_2_ethnicity_asn,haven_labelled,Ethnicity: Asian or Asian British,awb1_2_ethnicity_asn,56.08206486
awb1_2_ethnicity_asn_othr,character,Ethnicity: Asian or Asian British: other,awb1_2_ethnicity_asn_othr,0
awb1_2_ethnicity_blck,haven_labelled,"Ethnicity: Black, Black British, Caribbean or African",awb1_2_ethnicity_blck,95.84381205
awb1_2_ethnicity_blck_afrcn,character,Ethnicity: African: specify,awb1_2_ethnicity_blck_afrcn,0
awb1_2_ethnicity_whte_crrbn,character,"Ethnicity: Black, Black British, Caribbean: specify",awb1_2_ethnicity_whte_crrbn,0
awb1_2_ethnicity_arb_a4,haven_labelled,Ethnicity: Arab,awb1_2_ethnicity_arb_a4,98.50430179
awb1_2_ethnicity_othr_othr,character,Ethnicity: other,awb1_2_ethnicity_othr_othr,0
awb1_2_ethnicity_arb_r4,haven_labelled,Arab,awb1_2_ethnicity_arb_r4,100
awb1_2_language_hme___1,haven_labelled,Which of these languages is usually spoken at home? (choice=English),awb1_2_language_hme___1,0
awb1_2_language_hme___2,haven_labelled,Which of these languages is usually spoken at home? (choice=Urdu),awb1_2_language_hme___2,0
awb1_2_language_hme___3,haven_labelled,Which of these languages is usually spoken at home? (choice=Punjabi),awb1_2_language_hme___3,0
awb1_2_language_hme___4,haven_labelled,Which of these languages is usually spoken at home? (choice=Gujarati),awb1_2_language_hme___4,0
awb1_2_language_hme___5,haven_labelled,Which of these languages is usually spoken at home? (choice=Bengali),awb1_2_language_hme___5,0
awb1_2_language_hme___6,haven_labelled,Which of these languages is usually spoken at home? (choice=Hindko),awb1_2_language_hme___6,0
awb1_2_language_hme___7,haven_labelled,Which of these languages is usually spoken at home? (choice=Polish),awb1_2_language_hme___7,0
awb1_2_language_hme___8,haven_labelled,Which of these languages is usually spoken at home? (choice=Pashto),awb1_2_language_hme___8,0
awb1_2_language_hme___9,haven_labelled,Which language is spoken at home? Choice = Other,awb1_2_language_hme___9,0
awb1_2_language_hme_othr,character,Which language is spoken at home? Choice = Other,awb1_2_language_hme_othr,0
awb1_2_religion,haven_labelled,Do you consider yourself to have a religion?,awb1_2_religion,0.926538716
awb1_2y_religion_r4,haven_labelled,What is your religion?,awb1_2y_religion_r4,35.0893448
awb1_2y_religion_othr,character,What is your religion? (other),awb1_2y_religion_othr,0
awb1_2_sex,haven_labelled,What is your sex? (The biological sex on your birth certificate),awb1_2_sex,0.357379219
awb1_2_sex_othr,character,What is your sex? (other),awb1_2_sex_othr,0
awb1_2_gender_r4,haven_labelled,What is your gender? (How you would describe yourself),awb1_2_gender_r4,0.569159497
awb1_2_gender_othr_r4,character,What is your gender? (self-describe),awb1_2_gender_othr_r4,0
awb1_2_disability,haven_labelled,Do you have any physical/mental health conditions/illnesses?,awb1_2_disability,2.382528127
awb1_2_disability_tme_a4,haven_labelled,Has your condition lasted/expected to last >=1 year?,awb1_2_disability_tme_a4,86.23428193
awb1_2_disability_impct_a4,haven_labelled,Does your condition limit your activities?,awb1_2_disability_impct_a4,87.65056254
awb3_1_assets_4,haven_labelled,Possessions: Your own mobile phone,awb3_1_assets_4,0.820648577
awb3_1_assets_5,haven_labelled,"Possessions: A computer, laptop or tablet with internet at home",awb3_1_assets_5,0.913302449
awb3_1_assets_6,haven_labelled,Possessions: At least one family holiday away from home in a typical year,awb3_1_assets_6,1.773659828
awb3_1_assets_7,haven_labelled,"Possessions: A family car, van, or truck",awb3_1_assets_7,0.979483786
awb3_1_assets_8,haven_labelled,Possessions: A bedroom for yourself,awb3_1_assets_8,0.992720053
awb3_1_compare_frnds,haven_labelled,Would you say your family is richer compared to your friends?,awb3_1_compare_frnds,1.230972866
awb3_1_money_wrry,haven_labelled,How often do you worry about how much money your family has?,awb3_1_money_wrry,2.091330245
awb3_1_warm_engh_a5,haven_labelled,Are you warm enough at home during winter?,awb3_1_warm_engh_a5,1.31039047
awb3_1_save_mny_a5,haven_labelled,Parents have talked about cutting back to save money,awb3_1_save_mny_a5,3.639973527
awb3_1y_save_mny_a5___1,haven_labelled,Which have parents/guardians discussed cutting back on? (gas/electric),awb3_1y_save_mny_a5___1,100
awb3_1y_save_mny_a5___2,haven_labelled,Which have parents/guardians discussed cutting back on? (luxuries),awb3_1y_save_mny_a5___2,100
awb3_1y_save_mny_a5___3,haven_labelled,Which have parents/guardians discussed cutting back on? (holidays/leisure),awb3_1y_save_mny_a5___3,100
awb3_1y_save_mny_a5___4,haven_labelled,Which have parents/guardians discussed cutting back on? (food shopping),awb3_1y_save_mny_a5___4,100
awb3_1y_save_mny_a5___5,haven_labelled,Which have parents/guardians discussed cutting back on? (car journeys),awb3_1y_save_mny_a5___5,100
awb3_1y_save_mny_a5___6,haven_labelled,Which of the following have your parents/guardians discussed cutting back on? (t,awb3_1y_save_mny_a5___6,100
awb3_1y_save_mny_othr_a5,character,Which have parents/guardians discussed cutting back on? (other),awb3_1y_save_mny_othr_a5,100
awb3_1y_save_mny_r10___1,haven_labelled,Which have parents/guardians discussed cutting back on? (gas/electric),awb3_1y_save_mny_r10___1,0
awb3_1y_save_mny_r10___2,haven_labelled,Which have parents/guardians discussed cutting back on? (luxuries),awb3_1y_save_mny_r10___2,0
awb3_1y_save_mny_r10___3,haven_labelled,Which have parents/guardians discussed cutting back on? (holidays/leisure),awb3_1y_save_mny_r10___3,0
awb3_1y_save_mny_r10___4,haven_labelled,Which have parents/guardians discussed cutting back on? (food shopping),awb3_1y_save_mny_r10___4,0
awb3_1y_save_mny_r10___5,haven_labelled,Which have parents/guardians discussed cutting back on? (car journeys),awb3_1y_save_mny_r10___5,0
awb3_2_live_where_a10,haven_labelled,Where do you live most of the time?,awb3_2_live_where_a10,1.641297154
awb3_2_homes_1_ppl___1,haven_labelled,Who lives in your first home? Select all that apply (choice=Mother),awb3_2_homes_1_ppl___1,100
awb3_2_homes_1_ppl___2,haven_labelled,Who lives in your first home? Select all that apply (choice=Father),awb3_2_homes_1_ppl___2,100
awb3_2_homes_1_ppl___3,haven_labelled,Who lives in your first home? Select all that apply (choice=Guardian),awb3_2_homes_1_ppl___3,100
awb3_2_homes_1_ppl___4,haven_labelled,Who lives in your first home? Select all that apply (choice=Foster carer),awb3_2_homes_1_ppl___4,100
awb3_2_homes_1_ppl___5,haven_labelled,Who lives in your first home? Select all that apply (choice=Step mother),awb3_2_homes_1_ppl___5,100
awb3_2_homes_1_ppl___6,haven_labelled,Who lives in your first home? Select all that apply (choice=Step father),awb3_2_homes_1_ppl___6,100
awb3_2_homes_1_ppl___7,haven_labelled,Who lives in your first home? Select all that apply (choice=Mothers partner),awb3_2_homes_1_ppl___7,100
awb3_2_homes_1_ppl___8,haven_labelled,Who lives in your first home? Select all that apply (choice=Fathers partner),awb3_2_homes_1_ppl___8,100
awb3_2_homes_1_ppl___9,haven_labelled,Who lives in your first home? Select all that apply (choice=Siblings),awb3_2_homes_1_ppl___9,100
awb3_2_homes_1_ppl___10,haven_labelled,Who lives in your first home? Select all that apply (choice=Auntie),awb3_2_homes_1_ppl___10,100
awb3_2_homes_1_ppl___11,haven_labelled,Who lives in your first home? Select all that apply (choice=Uncle),awb3_2_homes_1_ppl___11,100
awb3_2_homes_1_ppl___12,haven_labelled,Who lives in your first home? Select all that apply (choice=Grandmother),awb3_2_homes_1_ppl___12,100
awb3_2_homes_1_ppl___13,haven_labelled,Who lives in your first home? Select all that apply (choice=Grandfather),awb3_2_homes_1_ppl___13,100
awb3_2_homes_1_ppl___14,haven_labelled,Who lives in your first home? Select all that apply (choice=Cousins),awb3_2_homes_1_ppl___14,100
awb3_2_homes_1_ppl___15,haven_labelled,Who lives in your first home? Select all that apply (choice=Other),awb3_2_homes_1_ppl___15,100
awb3_2_homes_1_ppl_othr,character,Who else lives in your home? (other),awb3_2_homes_1_ppl_othr,0
awb3_2_homes_1_ppl_r10___1,haven_labelled,Who else lives in your home? (mother),awb3_2_homes_1_ppl_r10___1,0
awb3_2_homes_1_ppl_r10___2,haven_labelled,Who else lives in your home? (father),awb3_2_homes_1_ppl_r10___2,0
awb3_2_homes_1_ppl_r10___3,haven_labelled,Who else lives in your home? (guardian),awb3_2_homes_1_ppl_r10___3,0
awb3_2_homes_1_ppl_r10___4,haven_labelled,Who else lives in your home? (foster carer),awb3_2_homes_1_ppl_r10___4,0
awb3_2_homes_1_ppl_r10___5,haven_labelled,Who else lives in your home? (step mother),awb3_2_homes_1_ppl_r10___5,0
awb3_2_homes_1_ppl_r10___6,haven_labelled,Who else lives in your home? (step father),awb3_2_homes_1_ppl_r10___6,0
awb3_2_homes_1_ppl_r10___7,haven_labelled,Who else lives in your home? (mother's partner),awb3_2_homes_1_ppl_r10___7,0
awb3_2_homes_1_ppl_r10___8,haven_labelled,Who else lives in your home? (father's partner),awb3_2_homes_1_ppl_r10___8,0
awb3_2_homes_1_ppl_r10___9,haven_labelled,Who else lives in your home? (siblings),awb3_2_homes_1_ppl_r10___9,0
awb3_2_homes_1_ppl_r10___10,haven_labelled,Who else lives in your home? (auntie),awb3_2_homes_1_ppl_r10___10,0
awb3_2_homes_1_ppl_r10___11,haven_labelled,Who else lives in your home? (uncle),awb3_2_homes_1_ppl_r10___11,0
awb3_2_homes_1_ppl_r10___12,haven_labelled,Who else lives in your home? (grandmother),awb3_2_homes_1_ppl_r10___12,0
awb3_2_homes_1_ppl_r10___13,haven_labelled,Who else lives in your home? (grandfather),awb3_2_homes_1_ppl_r10___13,0
awb3_2_homes_1_ppl_r10___14,haven_labelled,Who else lives in your home? (cousins),awb3_2_homes_1_ppl_r10___14,0
awb3_2_homes_1_ppl_r10___15,haven_labelled,Who else lives in your home? (other),awb3_2_homes_1_ppl_r10___15,0
awb_2_6_family_brth_n_a5,haven_labelled,Select your birth order. I am...,awb_2_6_family_brth_n_a5,3.666446062
awb2_6_family_rltnshp_1_a5,haven_labelled,How often does your family get along together?,awb2_6_family_rltnshp_1_a5,1.972203839
awb2_6_family_rltnshp_2_a5,haven_labelled,How often do you get along siblings and other young people you live with,awb2_6_family_rltnshp_2_a5,1.707478491
awb3_4_personal_assts_1,haven_labelled,Financial assets: Regular pocket money or allowance,awb3_4_personal_assts_1,2.197220384
awb3_4_personal_assts_2,haven_labelled,Financial assets: Money from doing chores/babysitting for family/relatives,awb3_4_personal_assts_2,2.488418266
awb3_4_personal_assts_3,haven_labelled,Financial assets: Money from working in the family business,awb3_4_personal_assts_3,3.798808736
awb3_4_personal_assts_4,haven_labelled,Financial assets: Money from a paid job,awb3_4_personal_assts_4,3.970880212
awb3_4_personal_assts_5,haven_labelled,Financial assets: Given money by parents when I need it,awb3_4_personal_assts_5,2.342819325
aw3_5_food_1,haven_labelled,We cant get the food we want because there is not enough money,aw3_5_food_1,2.342819325
aw3_5_food_2,haven_labelled,I worry about not having enough to eat,aw3_5_food_2,1.906022502
aw3_5_food_3,haven_labelled,I worry about how hard it is for my parents to get enough food for us,aw3_5_food_3,2.488418266
aw3_5_food_4,haven_labelled,I feel hungry because there is not enough food to eat,aw3_5_food_4,2.131039047
aw3_5_food_5,haven_labelled,I try not to eat a lot so that our food will last,aw3_5_food_5,2.594308405
aw3_6_comparison_2,haven_labelled,People compare me to others to see if I match up,aw3_6_comparison_2,100
aw3_6_comparison_2_r10,haven_labelled,How often do you think that people compare you to others to see if you match up,aw3_6_comparison_2_r10,5.545996029
awb3_7_prsnl_sfty_1,haven_labelled,Rate your neighbourhood: Your safety when going out after dark,awb3_7_prsnl_sfty_1,2.250165453
awb3_7_prsnl_sfty_2,haven_labelled,Rate your neighbourhood: Your safety when going out during the day,awb3_7_prsnl_sfty_2,2.025148908
awb3_7_prsnl_sfty_4,haven_labelled,Rate your neighbourhood: Your safety when going to and from school,awb3_7_prsnl_sfty_4,2.025148908
awb3_7_violence,haven_labelled,Have you been victim of violence in past 1yr?,awb3_7_violence,2.31634679
awb3_activities_3_r5,haven_labelled,"Activities in last 1mo: Sing, play an instrument, or make music",awb3_activities_3_r5,100
awb3_activities_3_r10,haven_labelled,"Activities in last 1mo: Sing, play an instrument, or make music",awb3_activities_3_r10,2.395764394
awb3_activities_15_r5,haven_labelled,Activities in last 1mo: Creative writing (outside of school or work),awb3_activities_15_r5,100
awb3_activities_15_r10,haven_labelled,Activities in last 1mo: Creative writing (outside of school or work),awb3_activities_15_r10,2.607544672
awb3_activities_11_r5,haven_labelled,"Activities in last 1mo: Voluntary, charity or community work",awb3_activities_11_r5,100
awb3_activities_11_r10,haven_labelled,"Activities in last 1mo: Voluntary, charity or community work",awb3_activities_11_r10,3.163467902
awb3_activities_17_r5,haven_labelled,"Activities in last 1mo: Drawing, painting, sculpture, or other artwork",awb3_activities_17_r5,100
awb3_activities_17_r10,haven_labelled,"Activities in last 1mo: Drawing, painting, sculpture, or other artwork",awb3_activities_17_r10,2.461945731
awb3_activities_18_r5,haven_labelled,"Activities in last 1mo: Graphic designs, photographs, or films/videos",awb3_activities_18_r5,100
awb3_activities_18_r10,haven_labelled,"Activities in last 1mo: Graphic designs, photographs, or films/videos",awb3_activities_18_r10,2.739907346
awb3_activities_6_r5,haven_labelled,Activities in last 1mo: Read for enjoyment,awb3_activities_6_r5,100
awb3_activities_6_r10,haven_labelled,Activities in last 1mo: Read for enjoyment,awb3_activities_6_r10,2.634017207
awb3_activities_14_r5,haven_labelled,Activities in last 1mo: Participate in a poetry/spoken word session,awb3_activities_14_r5,100
awb3_activities_14_r10,haven_labelled,Activities in last 1mo: Participate in a poetry/spoken word session,awb3_activities_14_r10,2.898742555
awb3_activities_16_r5,haven_labelled,"Activities in last 1mo: Performed in theatre, dance, circus etc",awb3_activities_16_r5,100
awb3_activities_16_r10,haven_labelled,"Activities in last 1mo: Performed in theatre, dance, circus etc",awb3_activities_16_r10,2.753143614
awb3_activities_1_r5,haven_labelled,"Activities in last 1mo: A party, dance, house party or nightclub",awb3_activities_1_r5,100
awb3_activities_10_r5,haven_labelled,"Activities in last 1mo: Museums, galleries, historic place, stately home",awb3_activities_10_r5,100
awb3_activities_12_r5,haven_labelled,"Activities in last 1mo: Political meeting, march, rally or demonstration",awb3_activities_12_r5,100
awb3_activities_13_r5,haven_labelled,Activities in last 1mo: Religious service or event,awb3_activities_13_r5,100
awb3_activities_1_r10,haven_labelled,"Activities in last 1mo: A party, dance, house party or nightclub",awb3_activities_1_r10,2.541363336
awb3_activities_10_r10,haven_labelled,"Activities in last 1mo: Museums, galleries, historic place, stately home",awb3_activities_10_r10,3.150231635
awb3_activities_12_r10,haven_labelled,"Activities in last 1mo: Political meeting, march, rally or demonstration",awb3_activities_12_r10,3.573792191
awb3_activities_13_r10,haven_labelled,Activities in last 1mo: Religious service or event,awb3_activities_13_r10,3.150231635
awb3_activities_19_a10,haven_labelled,Activities in last 1mo: Video gaming event or festival,awb3_activities_19_a10,3.044341496
awb3_activities_2_r5,haven_labelled,Activities in last 1mo: Live sport (for example at a stadium),awb3_activities_2_r5,100
awb3_activities_2_r10,haven_labelled,Activities in last 1mo: Live sport (for example at a stadium),awb3_activities_2_r10,2.647253475
awb3_activities_4_r5,haven_labelled,Activities in last 1mo: A live music concert or gig,awb3_activities_4_r5,100
awb3_activities_4_r10,haven_labelled,Activities in last 1mo: A live music concert or gig,awb3_activities_4_r10,2.700198544
awb3_activities_5_r5,haven_labelled,"Activities in last 1mo: Attended play, pantomime, opera, dance, circus",awb3_activities_5_r5,100
awb3_activities_5_r10,haven_labelled,"Activities in last 1mo: Attended play, pantomime, opera, dance, circus",awb3_activities_5_r10,3.044341496
awb3_activities_7_r5,haven_labelled,Activities in last 1mo: Attended youth clubs,awb3_activities_7_r5,100
awb3_activities_7_r10,haven_labelled,Activities in last 1mo: Attended youth clubs,awb3_activities_7_r10,3.017868961
awb3_activities_8_r5,haven_labelled,Activities in last 1mo: Scouts/Guides/Explorer scouts/Rangers,awb3_activities_8_r5,100
awb3_activities_8_r10,haven_labelled,Activities in last 1mo: Scouts/Guides/Explorer scouts/Rangers,awb3_activities_8_r10,3.057577763
awb3_activities_9_r5,haven_labelled,Activities in last 1mo: A library,awb3_activities_9_r5,100
awb3_activities_9_r10,haven_labelled,Activities in last 1mo: A library,awb3_activities_9_r10,2.634017207
awb3_pip_1_a10,haven_labelled,I am proud to live in my local area,awb3_pip_1_a10,2.461945731
awb3_pip_2_a10,haven_labelled,Arts and cultural events in my local area make me feel proud,awb3_pip_2_a10,3.322303111
awb3_pip_3_a10,haven_labelled,Arts and cultural events in my local area are of interest to me,awb3_pip_3_a10,3.93117141
awb5_1_general_hlth,haven_labelled,How good is your health in general?,awb5_1_general_hlth,2.501654533
awb5_1_hearing_sght_1,haven_labelled,Do you wear glasses or contact lenses?,awb5_1_hearing_sght_1,100
awb5_1_hearing_sght_1_r10,haven_labelled,"Have you been told to, or do you need to wear glasses in order to see clearly?",awb5_1_hearing_sght_1_r10,2.435473197
awb5_1_hearing_sght_n_a10,haven_labelled,Do you struggle to see distant items or near items,awb5_1_hearing_sght_n_a10,43.15023163
awb5_1_hearing_sght_y1_a10,haven_labelled,What is the reason you need to wear glasses or contact lenses?,awb5_1_hearing_sght_y1_a10,60.31767042
awb5_1_hearing_sght_y2_a10,character,Age first wore glasses/contacts,awb5_1_hearing_sght_y2_a10,64.52680344
awb5_1_hearing_sght_3,haven_labelled,Do you have any difficulty hearing or use a hearing aid,awb5_1_hearing_sght_3,3.031105228
awb5_1_food_dt_2,haven_labelled,How often do you eat breakfast over a week?,awb5_1_food_dt_2,3.017868961
awb5_1_food_dt_3,haven_labelled,How often do you eat at least 2 portions of fruit per day?,awb5_1_food_dt_3,3.189940437
awb5_1_food_dt_4,haven_labelled,How often do you eat at least 2 portions of vegetables per day?,awb5_1_food_dt_4,3.587028458
awb5_1_food_dt_5,haven_labelled,"How often drink diet drinks/sugar free drinks eg diet cola, sugar-free squash",awb5_1_food_dt_5,3.282594308
awb5_1_food_dt_6_r7,haven_labelled,How often do you drink sugary drinks like regular cola or squash,awb5_1_food_dt_6_r7,3.388484447
awb5_1_food_dt_10_a10,haven_labelled,How often do you drink energy drinks or high caffeine drinks,awb5_1_food_dt_10_a10,3.229649239
awb5_1_food_dt_7,haven_labelled,How often do you eat fast food,awb5_1_food_dt_7,3.335539378
awb2_12_eat_hbt_1_a5,haven_labelled,Past 7d: Limited food intake to influence weight,awb2_12_eat_hbt_1_a5,7.266710788
awb2_12_eat_hbt_10_a5,haven_labelled,Past 7d: Ate an unusually large amount of food in one go,awb2_12_eat_hbt_10_a5,75.71144937
awb2_12_eat_hbt_2_a5,haven_labelled,Past 7d: Gone long periods of time without food to influence weight,awb2_12_eat_hbt_2_a5,6.684315023
awb2_12_eat_hbt_3_a5,haven_labelled,Past 7d: Thinking about food/calories made it hard to concentrate on interests,awb2_12_eat_hbt_3_a5,7.319655857
awb2_12_eat_hbt_4_a5,haven_labelled,Past 7d: Thinking about your weight made it hard to concentrate on interests,awb2_12_eat_hbt_4_a5,7.399073461
awb2_12_eat_hbt_5_a5,haven_labelled,Past 7d: Had a definite fear that you might gain weight,awb2_12_eat_hbt_5_a5,7.00198544
awb2_12_eat_hbt_6_a5,haven_labelled,Past 7d: Had a strong desire to lose weight,awb2_12_eat_hbt_6_a5,6.724023825
awb2_12_eat_hbt_7_a5,haven_labelled,Past 7d: Tried to control weight by making yourself sick/taking laxatives,awb2_12_eat_hbt_7_a5,7.134348114
awb2_12_eat_hbt_8_a5,haven_labelled,Past 7d: Exercised compulsively to control weight,awb2_12_eat_hbt_8_a5,7.412309729
awb2_12_eat_hbt_9_a5,haven_labelled,Past 7d: Felt like you've lost control over eating,awb2_12_eat_hbt_9_a5,7.75645268
awb2_12_wght_1_a5,haven_labelled,Past 7d: Weight or shape influenced how you judge yourself,awb2_12_wght_1_a5,6.393117141
awb2_12_wght_2_a5,haven_labelled,Past 7d: Been dissatisfied with your weight,awb2_12_wght_2_a5,6.843150232
awb5_1_oral_hlth_1,haven_labelled,How often do you brush your teeth?,awb5_1_oral_hlth_1,3.587028458
awb5_1_oral_hlth_3,haven_labelled,Do you have a dentist you see every 6 months or so?,awb5_1_oral_hlth_3,3.785572469
awb4_4_puberty_a10,haven_labelled,Puberty: Has your body started changing,awb4_4_puberty_a10,8.682991396
awb4_4y_gendersex_f_2,haven_labelled,Puberty: Have you started your periods,awb4_4y_gendersex_f_2,52.56121774
awb4_4y_gendersex_y_f_2,numeric,Puberty: Age at first period,awb4_4y_gendersex_y_f_2,59.72203839
awb5_1_cigs_a5,haven_labelled,Have you ever smoked cigarettes? (not including vape/e-cigarettes),awb5_1_cigs_a5,3.93117141
awb5_1_cigs2_a5,haven_labelled,"If yes, how often do you smoke cigarettes?",awb5_1_cigs2_a5,100
awb5_1_cigs2_r10,haven_labelled,"If yes, how often do you smoke cigarettes?",awb5_1_cigs2_r10,95.75115817
awb5_2_evr_vaped_a5,haven_labelled,Have you ever vaped/used an e-cigerette?,awb5_2_evr_vaped_a5,4.738583719
awb5_2_vape_r4,haven_labelled,Which vaping habit best describes you?,awb5_2_vape_r4,100
awb5_2_vape_r10,haven_labelled,Vaping: which statement best describes you,awb5_2_vape_r10,83.57379219
awb5_2_alcohol,haven_labelled,Have you ever had an alcoholic drink that is more than a few sips?,awb5_2_alcohol,4.209133024
awb5_2y_alcohol_age,numeric,How old were you when you first had an alcoholic drink?,awb5_2y_alcohol_age,85.13567174
awb5_2y_alcohol_frqncy,haven_labelled,How many times have you had an alcoholic drink in the last 12 months?,awb5_2y_alcohol_frqncy,83.09728657
awb5_2y_alcohol_qntty,haven_labelled,Have you ever had 5+ alcoholic drinks at a time?,awb5_2y_alcohol_qntty,83.09728657
awb5_2_yalcohol_y_qntty_age,numeric,How old were you when you first had 5+ alcoholic drinks at a time?,awb5_2_yalcohol_y_qntty_age,96.00264725
awb5_2_yalcohol_y_qntty_frqncy,haven_labelled,How many times have you had 5+ alcoholic drinks in the last 12 months?,awb5_2_yalcohol_y_qntty_frqncy,95.26141628
awb5_drugs,haven_labelled,Have you ever taken drugs?,awb5_drugs,3.944407677
awb5_2_drugs_1,haven_labelled,Have you ever taken cannibis?,awb5_2_drugs_1,95.71144937
awb5_2_drugs_10,haven_labelled,Have you ever taken ketamine?,awb5_2_drugs_10,96.04235606
awb5_2_drugs_11,haven_labelled,Have you ever taken mephedrone?,awb5_2_drugs_11,100
awb5_2_drugs_12,haven_labelled,Have you ever taken spice?,awb5_2_drugs_12,96.08206486
awb5_2_drugs_13,haven_labelled,Have you ever taken magic mushrooms?,awb5_2_drugs_13,100
awb5_2_drugs_14,haven_labelled,Have you ever taken salvia?,awb5_2_drugs_14,100
awb5_2_drugs_15,haven_labelled,Have you ever taken nitrous oxide?,awb5_2_drugs_15,96.09530113
awb5_2_drugs_16,haven_labelled,Have you ever taken poppers?,awb5_2_drugs_16,100
awb5_2_drugs_17,haven_labelled,Have you ever taken prescription drugs not prescribed to you?,awb5_2_drugs_17,96.16148246
awb5_2_cannabis_pstyr,haven_labelled,In the past year how many times have you taken cannabis?,awb5_2_cannabis_pstyr,97.47187293
awb5_2_drugs_2,haven_labelled,Have you ever taken cocaine?,awb5_2_drugs_2,95.90999338
awb5_2_cocaine_pstyr,haven_labelled,In the past year how many times have you taken cocaine?,awb5_2_cocaine_pstyr,99.27200529
awb5_2_drugs_4,haven_labelled,Have you ever taken ecstasy?,awb5_2_drugs_4,96.01588352
awb5_2_ecstasy_pstyr,haven_labelled,In the past year how many times have you taken ecstasy?,awb5_2_ecstasy_pstyr,99.3911317
awb5_2_ket_pstyr,haven_labelled,In the past year how many times have you taken Ketamine?,awb5_2_ket_pstyr,99.51025811
awb5_2_spice_pstyr,haven_labelled,In the past year how many times have you taken spice?,awb5_2_spice_pstyr,99.13964262
awb5_2_nitrous_pstyr,haven_labelled,In the past year how many times have you taken nitrous oxide?,awb5_2_nitrous_pstyr,99.06022502
awb5_2_prescription_pstyr,haven_labelled,In the past year how many times have you taken prescription drugs for recreation,awb5_2_prescription_pstyr,99.15287889
awb5_2_drugs_othr_a10,haven_labelled,Have you ever taken any of the following? Any other drug not listed above,awb5_2_drugs_othr_a10,96.20119126
awb5_2_drugs_othr2_a10,character,Have you ever taken any of the following? Any other drug not listed above,awb5_2_drugs_othr2_a10,0
awb5_2_drugs_othr3_a10,haven_labelled,In the past year how many times have you taken this other drug?,awb5_2_drugs_othr3_a10,99.00727995
awb5_2_gambling_chk_a10___1,haven_labelled,Gambling: Ever spent money (National Lottery games),awb5_2_gambling_chk_a10___1,0
awb5_2_gambling_chk_a10___2,haven_labelled,Gambling: Ever spent money (Slot machines),awb5_2_gambling_chk_a10___2,0
awb5_2_gambling_chk_a10___3,haven_labelled,Gambling: Ever spent money (Private bets for money),awb5_2_gambling_chk_a10___3,0
awb5_2_gambling_chk_a10___4,haven_labelled,Gambling: Ever spent money (Playing cards for money),awb5_2_gambling_chk_a10___4,0
awb5_2_gambling_chk_a10___5,haven_labelled,Gambling: Ever spent money (Bingo at bingo club),awb5_2_gambling_chk_a10___5,0
awb5_2_gambling_chk_a10___6,haven_labelled,Gambling: Ever spent money (Bingo not at a bingo club),awb5_2_gambling_chk_a10___6,0
awb5_2_gambling_chk_a10___7,haven_labelled,Gambling: Ever spent money (Gaming machines in betting shop),awb5_2_gambling_chk_a10___7,0
awb5_2_gambling_chk_a10___8,haven_labelled,Gambling: Ever spent money (Placing a bet at a betting shop),awb5_2_gambling_chk_a10___8,0
awb5_2_gambling_chk_a10___9,haven_labelled,Gambling: Ever spent money (Visiting a casino to play casino games),awb5_2_gambling_chk_a10___9,0
awb5_2_gambling_chk_a10___10,haven_labelled,Gambling: Ever spent money (Gambling websites/apps with cash prizes),awb5_2_gambling_chk_a10___10,0
awb5_2_gambling_chk_a10___0,haven_labelled,Gambling: Ever spent money (None of the above),awb5_2_gambling_chk_a10___0,0
awb5_2_gambling_2_a5,haven_labelled,Have you spent any money on shop bought Scratchcards?,awb5_2_gambling_2_a5,100
awb5_2_gambling_2_r10,haven_labelled,Gambling: Last spent money (National Lottery games),awb5_2_gambling_2_r10,95.27465255
awb5_2_gambling_6_a5,haven_labelled,Have you spent any money on fruit/slot machines?,awb5_2_gambling_6_a5,100
awb5_2_gambling_6_r10,haven_labelled,Gambling: Last spent money (Slot machines),awb5_2_gambling_6_r10,86.51224355
awb5_2_gambling_7_a5,haven_labelled,Have you spent any money on placing private bet for money?,awb5_2_gambling_7_a5,100
awb5_2_gambling_7_r10,haven_labelled,Gambling: Last spent money (Private bets for money),awb5_2_gambling_7_r10,93.24950364
awb5_2_gambling_8_a5,haven_labelled,Have you spent any money on playing cards for money?,awb5_2_gambling_8_a5,100
awb5_2_gambling_8_r10,haven_labelled,Gambling: Last spent money (Playing cards for money),awb5_2_gambling_8_r10,94.25545996
awb5_2_gambling_9_a5,haven_labelled,Have you spent any money on bingo at a bingo club?,awb5_2_gambling_9_a5,100
awb5_2_gambling_9_r10,haven_labelled,Gambling: Last spent money (Bingo at bingo club),awb5_2_gambling_9_r10,98.1733951
awb5_2_gambling_10_a5,haven_labelled,Have you spent any money on bingo at somewhere other than bingo club?,awb5_2_gambling_10_a5,100
awb5_2_gambling_10_r10,haven_labelled,Gambling: Last spent money (Bingo not at a bingo club),awb5_2_gambling_10_r10,95.38054269
awb5_2_gambling_11_a5,haven_labelled,Have you visited a betting shop to play machines?,awb5_2_gambling_11_a5,100
awb5_2_gambling_11_r10,haven_labelled,Gambling: Last spent money (Gaming machines in betting shop),awb5_2_gambling_11_r10,98.49106552
awb5_2_gambling_12_a5,haven_labelled,Have you personally placed a bet at a betting shop?,awb5_2_gambling_12_a5,100
awb5_2_gambling_12_r10,haven_labelled,Gambling: Last spent money (Placing a bet at a betting shop),awb5_2_gambling_12_r10,97.96161482
awb5_2_gambling_13_a5,haven_labelled,Have you visited a casino to play casino games?,awb5_2_gambling_13_a5,100
awb5_2_gambling_13_r10,haven_labelled,Gambling: Last spent money (Visiting a casino to play casino games),awb5_2_gambling_13_r10,99.48378557
awb5_2_gambling_14_a5,haven_labelled,Have you spent any money on gambling websites/apps for real money?,awb5_2_gambling_14_a5,100
awb5_2_gambling_14_r10,haven_labelled,Gambling: Last spent money (Gambling websites/apps with cash prizes),awb5_2_gambling_14_r10,98.63666446
awb5_2_gambling_fam_a10,haven_labelled,Has anyone in your immediate family spent money on gambling,awb5_2_gambling_fam_a10,9.000661813
awb5_2_online_gamb3_a5___1,haven_labelled,Online games: Have you ever paid money to buy in-game items?,awb5_2_online_gamb3_a5___1,0
awb5_2_online_gamb3_a5___2,haven_labelled,Online games: Have you ever paid money to unlock in-game items?,awb5_2_online_gamb3_a5___2,0
awb5_2_online_gamb3_a5___3,haven_labelled,Online games: Have you ever bet with in-game items outside of the game?,awb5_2_online_gamb3_a5___3,0
awb5_2_online_gamb3_a5___4,haven_labelled,Online games: None of the above,awb5_2_online_gamb3_a5___4,0
awb5_2y_knife,haven_labelled,Have you carried a knife/other weapon in past year?,awb5_2y_knife,6.313699537
awb5_2_contactpolice_1,haven_labelled,Have you ever been stopped and questioned by the police?,awb5_2_contactpolice_1,6.260754467
awb5_2_contactpolice_2,haven_labelled,Have you ever been given a formal warning or caution by a police officer?,awb5_2_contactpolice_2,6.432825943
awb4_1_physical_actvty_1_a5,haven_labelled,How many mornings actively travel to school in past week?,awb4_1_physical_actvty_1_a5,7.028457975
awb4_1_physical_actvty_2_a5,haven_labelled,How often were you active in PE in past week?,awb4_1_physical_actvty_2_a5,6.975512905
awb4_1_physical_actvty_3_a5,haven_labelled,What did you normally do at lunch in past week?,awb4_1_physical_actvty_3_a5,7.624090007
awb4_1_physical_actvty_4_a5,haven_labelled,What did you normally do at break time in past week?,awb4_1_physical_actvty_4_a5,7.822634017
awb4_1_physical_actvty_5_a5,haven_labelled,How many afternoons did you actively travel from school in past week?,awb4_1_physical_actvty_5_a5,8.087359365
awb4_1_physical_actvty_6_a5,haven_labelled,How many days did you do sports after school in past week?,awb4_1_physical_actvty_6_a5,8.524156188
awb4_1_physical_actvty_7_a5,haven_labelled,How many evenings did you do sports in past week?,awb4_1_physical_actvty_7_a5,8.775645268
awb4_1_physical_actvty_8_a5,haven_labelled,How many times were you active last weekend?,awb4_1_physical_actvty_8_a5,8.735936466
awb4_1_sick_a5,haven_labelled,"Were you sick last week, or did anything prevent your normal physical activities?",awb4_1_sick_a5,8.577101257
awb4_1y_sick_a5,character,Sick last weeK: What prevented you doing physical activities?,awb4_1y_sick_a5,0
awb4_2_outside_schl_1_r7,haven_labelled,How long did you watch TV outside of school?,awb4_2_outside_schl_1_r7,8.087359365
awb4_2_outside_schl_2_r7,haven_labelled,How long did you play video games outside of school?,awb4_2_outside_schl_2_r7,8.259430841
awb4_2_outside_schl_3_r7,haven_labelled,How long did you use computers/tablets outside of school?,awb4_2_outside_schl_3_r7,8.81535407
awb4_2_outside_schl_4_r7,haven_labelled,How long did you use a mobile outside of school?,awb4_2_outside_schl_4_r7,8.259430841
awb4_2_overall_a5,haven_labelled,What are your typical sedentary habits at home: typical week,awb4_2_overall_a5,10.44341496
awb4_3_times2_a5,haven_labelled,"On school nights, what time do you typically fall asleep",awb4_3_times2_a5,8.894771674
awb4_3_times3_a5,haven_labelled,"On school days, what time do you typically wake up for the day",awb4_3_times3_a5,9.31833223
awb4_3_times4_a5,haven_labelled,"On non-school nights, what time do you typically fall asleep",awb4_3_times4_a5,10.32428855
awb4_3_times5_a5,haven_labelled,"On non-school days, what time do you typically wake up for the day",awb4_3_times5_a5,10.29781602
awb4_3_sleep_well_nght_a5,haven_labelled,Do you sleep well at night?,awb4_3_sleep_well_nght_a5,7.25347452
awb4_3_sleep_drngday_a5,haven_labelled,How likely are you to feel sleepy during the day?,awb4_3_sleep_drngday_a5,7.293183322
age_survey232_m,numeric,Age (months) at survey date,age_survey232_m,0
survey232_version,haven_labelled,Survey version,survey232_version,0.026472535
survey232_mode,haven_labelled,Survey taken online or offline?,survey232_mode,0
awb2_1_illhealth_1,haven_labelled,How often do you feel sad or empty?,awb2_1_illhealth_1,43.94440768
awb2_1_illhealth_10,haven_labelled,How often do you have problems with appetite?,awb2_1_illhealth_10,44.57974851
awb2_1_illhealth_11,haven_labelled,How often do you suddenly become dizzy/faint for no reason?,awb2_1_illhealth_11,44.20913302
awb2_1_illhealth_12,haven_labelled,How often do you have to do some things over and over again?,awb2_1_illhealth_12,44.40767704
awb2_1_illhealth_13,haven_labelled,How often do you have no energy for things?,awb2_1_illhealth_13,44.15618795
awb2_1_illhealth_14,haven_labelled,How often do you suddenly tremble/shake for no reason?,awb2_1_illhealth_14,44.44738584
awb2_1_illhealth_15,haven_labelled,How often is it when you can't think clearly?,awb2_1_illhealth_15,44.4209133
awb2_1_illhealth_16,haven_labelled,How often do you feel worthless?,awb2_1_illhealth_16,44.71211118
awb2_1_illhealth_17,haven_labelled,How often do you think special thoughts to stop bad happening?,awb2_1_illhealth_17,44.79152879
awb2_1_illhealth_18,haven_labelled,How often do you think about death?,awb2_1_illhealth_18,44.79152879
awb2_1_illhealth_19,haven_labelled,How often do you feel like you don't want to move?,awb2_1_illhealth_19,44.75181999
awb2_1_illhealth_2,haven_labelled,How often do you worry when you think you have done poorly at something?,awb2_1_illhealth_2,44.18266049
awb2_1_illhealth_20,haven_labelled,How often do you worry about being scared for no reason?,awb2_1_illhealth_20,44.76505625
awb2_1_illhealth_21,haven_labelled,How often do you feel you are tired alot?,awb2_1_illhealth_21,44.48709464
awb2_1_illhealth_22,haven_labelled,How often do you feel afraid you will make a fool of yourself?,awb2_1_illhealth_22,44.64592985
awb2_1_illhealth_23,haven_labelled,How often do you do something the right way to stop bad things happening?,awb2_1_illhealth_23,45.0694904
awb2_1_illhealth_24,haven_labelled,How often do you feel restless?,awb2_1_illhealth_24,45.28127068
awb2_1_illhealth_25,haven_labelled,How often do you worry something bad will happen to you?,awb2_1_illhealth_25,45.05625414
awb2_1_illhealth_3,haven_labelled,How often do you feel afraid to be home alone?,awb2_1_illhealth_3,44.06353408
awb2_1_illhealth_4,haven_labelled,How often do you feel nothing is much fun anymore?,awb2_1_illhealth_4,44.3812045
awb2_1_illhealth_5,haven_labelled,How often do you worry that something awful will happen to someone in family?,awb2_1_illhealth_5,44.47385837
awb2_1_illhealth_6,haven_labelled,How often do you feel afraid of being in crowded places?,awb2_1_illhealth_6,44.24884183
awb2_1_illhealth_7,haven_labelled,How often do you worry what others think of you?,awb2_1_illhealth_7,44.18266049
awb2_1_illhealth_8,haven_labelled,How often do you have trouble sleeping?,awb2_1_illhealth_8,44.16942422
awb2_1_illhealth_9,haven_labelled,How often do you feel scared to sleep alone?,awb2_1_illhealth_9,44.12971542
awb2_1_sdq_1_a10,haven_labelled,SDQ: last 6mo: I try to be nice to other people. I care about their feelings,awb2_1_sdq_1_a10,66.71078756
awb2_1_sdq_10_a10,haven_labelled,SDQ: last 6mo: I am constantly fidgeting or squirming,awb2_1_sdq_10_a10,67.18729318
awb2_1_sdq_11_a10,haven_labelled,SDQ: last 6mo: I have one good friend or more,awb2_1_sdq_11_a10,66.94904037
awb2_1_sdq_12_a10,haven_labelled,SDQ: last 6mo: I fight a lot.  I can make other people do what I want,awb2_1_sdq_12_a10,67.01522171
awb2_1_sdq_13_a10,haven_labelled,"SDQ: last 6mo: I am often unhappy, down-hearted, or tearful",awb2_1_sdq_13_a10,67.02845797
awb2_1_sdq_14_a10,haven_labelled,SDQ: last 6mo: Other people my age generally like me,awb2_1_sdq_14_a10,67.16082065
awb2_1_sdq_15_a10,haven_labelled,"SDQ: last 6mo: I am easily distracted, I find it difficult to concentrate",awb2_1_sdq_15_a10,67.13434811
awb2_1_sdq_16_a10,haven_labelled,SDQ: last 6mo: I am nervous in new situations. I easily lose confidence,awb2_1_sdq_16_a10,67.08140304
awb2_1_sdq_17_a10,haven_labelled,SDQ: last 6mo: I am kind to younger children,awb2_1_sdq_17_a10,67.00198544
awb2_1_sdq_18_a10,haven_labelled,SDQ: last 6mo: I am often accused of lying or cheating,awb2_1_sdq_18_a10,67.17405692
awb2_1_sdq_19_a10,haven_labelled,SDQ: last 6mo: Other children or young people pick on me or bully me,awb2_1_sdq_19_a10,67.25347452
awb2_1_sdq_2_a10,haven_labelled,"SDQ: last 6mo: I am restless, I cannot stay still for long",awb2_1_sdq_2_a10,67.01522171
awb2_1_sdq_20_a10,haven_labelled,"SDQ: last 6mo: I often volunteer to help others (parents, teachers, children)",awb2_1_sdq_20_a10,67.25347452
awb2_1_sdq_21_a10,haven_labelled,SDQ: last 6mo: I think before I do things,awb2_1_sdq_21_a10,67.09463931
awb2_1_sdq_22_a10,haven_labelled,"SDQ: last 6mo: I take things that are not mine from home, school or elsewhere",awb2_1_sdq_22_a10,67.25347452
awb2_1_sdq_23_a10,haven_labelled,SDQ: last 6mo: I get on better with adults than with people my own age,awb2_1_sdq_23_a10,67.24023825
awb2_1_sdq_24_a10,haven_labelled,"SDQ: last 6mo: I have many fears, I am easily scared",awb2_1_sdq_24_a10,67.18729318
awb2_1_sdq_25_a10,haven_labelled,SDQ: last 6mo: I finish the work I'm doing. My attention is good,awb2_1_sdq_25_a10,67.21376572
awb2_1_sdq_3_a10,haven_labelled,"SDQ: last 6mo: I get a lot of headaches, stomach-aches, or sickness",awb2_1_sdq_3_a10,66.8563865
awb2_1_sdq_4_a10,haven_labelled,"SDQ: last 6mo: I usually share with others (food, games, pens etc.)",awb2_1_sdq_4_a10,66.98874917
awb2_1_sdq_5_a10,haven_labelled,SDQ: last 6mo: I get very angry and often lose my temper,awb2_1_sdq_5_a10,66.92256784
awb2_1_sdq_6_a10,haven_labelled,SDQ: last 6mo: I am usually on my own. I generally play alone or keep to myself,awb2_1_sdq_6_a10,67.06816678
awb2_1_sdq_7_a10,haven_labelled,SDQ: last 6mo: I usually do as I am told,awb2_1_sdq_7_a10,67.04169424
awb2_1_sdq_8_a10,haven_labelled,SDQ: last 6mo: I worry a lot,awb2_1_sdq_8_a10,66.98874917
awb2_1_sdq_9_a10,haven_labelled,"SDQ: last 6mo: I am helpful if someone is hurt, upset, or feeling ill",awb2_1_sdq_9_a10,67.01522171
awb2_2_optmstc_1_a4,haven_labelled,Have you felt optimistic about the future over past 2 weeks?,awb2_2_optmstc_1_a4,4.765056254
awb2_2_useful_2_a4,haven_labelled,Have you felt useful over past 2 weeks?,awb2_2_useful_2_a4,4.262078094
awb2_2_relxed_3_a4,haven_labelled,Have you felt relaxed over the past 2 weeks?,awb2_2_relxed_3_a4,3.62673726
awb2_2_problems_4_a4,haven_labelled,Have you dealt with problems well over the past 2 weeks?,awb2_2_problems_4_a4,4.169424222
awb2_2_think_clr_5_a4,haven_labelled,Have you been thinking clearly over the past 2 weeks?,awb2_2_think_clr_5_a4,3.891462608
awb2_2_close_othrs_6_a4,haven_labelled,Have you felt close to others over the past 2 weeks?,awb2_2_close_othrs_6_a4,4.420913302
awb2_2_own_mnd_7_a4,haven_labelled,Have you made your own mind up about things over past 2 weeks?,awb2_2_own_mnd_7_a4,4.076770351
awb2_3_self_effccy,haven_labelled,When you find something hard can you work out what to do?,awb2_3_self_effccy,4.142951688
awb2_4_loneliness_1,haven_labelled,How often do you feel that you lack friendship?,awb2_4_loneliness_1,3.87822634
awb2_4_loneliness_2,haven_labelled,How often do you feel left out?,awb2_4_loneliness_2,3.93117141
awb2_4_loneliness_3,haven_labelled,How often do you feel isolated from others?,awb2_4_loneliness_3,4.076770351
awb2_4_loneliness_4,haven_labelled,How often do you feel alone?,awb2_4_loneliness_4,3.93117141
awb2_9_trust,haven_labelled,Would you say most people can be trusted/you can't be too careful?,awb2_9_trust,6.154864328
awb2_9_seek_hlp_ppl_1_r4,haven_labelled,How likely would you seek help from partner?,awb2_9_seek_hlp_ppl_1_r4,5.413633355
awb2_9_seek_hlp_ppl_10,haven_labelled,How likely is it you would not seek help from anyone?,awb2_9_seek_hlp_ppl_10,7.399073461
awb2_9_seek_hlp_ppl_11,character,Would you seek help from another not listed above? (list),awb2_9_seek_hlp_ppl_11,0
awb2_9_seek_hlp_ppl_2,haven_labelled,How likely would you seek help from a friend?,awb2_9_seek_hlp_ppl_2,5.99602912
awb2_9_seek_hlp_ppl_3,haven_labelled,How likely would you seek help from a parent/carer?,awb2_9_seek_hlp_ppl_3,5.797485109
awb2_9_seek_hlp_ppl_4,haven_labelled,How likely would you seek help from another relative/family member?,awb2_9_seek_hlp_ppl_4,6.207809398
awb2_9_seek_hlp_ppl_5,haven_labelled,How likely would you seek help from a mental health professional?,awb2_9_seek_hlp_ppl_5,8.338848445
awb2_9_seek_hlp_ppl_6,haven_labelled,How likely would you seek help from a phone helpline?,awb2_9_seek_hlp_ppl_6,8.537392455
awb2_9_seek_hlp_ppl_7,haven_labelled,How likely would you seek help from a doctor/GP?,awb2_9_seek_hlp_ppl_7,8.193249504
awb2_9_seek_hlp_ppl_8,haven_labelled,How likely would you seek help from a religious leader?,awb2_9_seek_hlp_ppl_8,8.365320979
awb2_9_seek_hlp_ppl_9_a_4,haven_labelled,How likely would you seek help from a teacher/other school staff?,awb2_9_seek_hlp_ppl_9_a_4,7.677035076
awb2_9_seek_hlp_ppl_othr_a3,haven_labelled,Would you seek help from another not listed above?,awb2_9_seek_hlp_ppl_othr_a3,8.960953011
awb2_9_seek_hurt_self_a5,haven_labelled,"In the past year, have you hurt yourself on purpose in any way?",awb2_9_seek_hurt_self_a5,7.743216413
awb2_9_resil1_a5,haven_labelled,I tend to bounce back quickly after hard times,awb2_9_resil1_a5,73.92455328
awb2_9_resil2_a5,haven_labelled,I have a hard time making it through stressful events,awb2_9_resil2_a5,73.56717406
awb2_9_resil3_a5,haven_labelled,It does not take me long to recover from a stressful event,awb2_9_resil3_a5,73.7921906
awb2_9_resil4_a5,haven_labelled,It is hard for me to snap back when something bad happens,awb2_9_resil4_a5,74.00397088
awb2_9_resil5_a5,haven_labelled,I usually come through difficult times with little trouble,awb2_9_resil5_a5,74.65254798
awb2_9_resil6_a5,haven_labelled,I tend to take a long time to get over set-backs in my life,awb2_9_resil6_a5,75.06287227
awb2_11_psychosis_3_r4,haven_labelled,Have you ever heard voices that others cannot hear?,awb2_11_psychosis_3_r4,74.57313038
awb2_11_upsetting_3_a4,haven_labelled,How upsetting if you heard voices others couldn't hear?,awb2_11_upsetting_3_a4,92.4553276
awb2_11_pst_yr_3_a4,haven_labelled,How often have you heard voices that other people couldnt hear in the last year?,awb2_11_pst_yr_3_a4,92.66710788
awb2_11_psychosis_5_r4,haven_labelled,Have you ever seen something others cannot see?,awb2_11_psychosis_5_r4,74.77167439
awb2_11_upsetting_5_a4,haven_labelled,How upsetting if you have seen something other couldn't see?,awb2_11_upsetting_5_a4,94.30840503
awb2_11_pst_yr_5_a4,haven_labelled,How often have you seen something others couldn't see in past year?,awb2_11_pst_yr_5_a4,94.37458637
awb2_11_psychosis_2_r4,haven_labelled,Have you ever thought you was being followed/spied on?,awb2_11_psychosis_2_r4,74.78491066
awb2_11_upsetting_2_a4,haven_labelled,How upsetting if you thought you were being followed/spied on?,awb2_11_upsetting_2_a4,89.75512905
awb2_11_pst_yr_2_a4,haven_labelled,How often have you thought you were being followed or spied on in the past year?,awb2_11_pst_yr_2_a4,89.80807412
awb2_11_plot_hrm_a4,haven_labelled,Ever believed people following you/spying on you as part of a plot,awb2_11_plot_hrm_a4,89.92720053
awb2_11_psychosis_10_r4,haven_labelled,Have other people ever read your thoughts?,awb2_11_psychosis_10_r4,75.02316347
awb2_11_upsetting_10_a4,haven_labelled,"At its worst, how upsetting did you find people reading your thoughts?",awb2_11_upsetting_10_a4,94.67902052
awb2_11_pst_yr_10_a4,haven_labelled,How often have you believed that other people can read your thoughts in the past,awb2_11_pst_yr_10_a4,94.63931171
awb2_11_pwrs_read_a4,haven_labelled,Do you think people use special powers to read your thoughts?,awb2_11_pwrs_read_a4,74.98345467
awb2_11_psychosis_1_r4,haven_labelled,Have you thought you were being sent messages through TV arranged just for you?,awb2_11_psychosis_1_r4,75.22170748
awb2_11_upsetting_1_a4,haven_labelled,How upsetting if you believed you were being sent special messages through TV,awb2_11_upsetting_1_a4,96.94242224
awb2_11_pst_yr_1_a4,haven_labelled,How often have you been sent special messages through TV in the past year?,awb2_11_pst_yr_1_a4,96.9159497
awb2_11_psychosis_4_r4,haven_labelled,Have you ever felt under control of a special power?,awb2_11_psychosis_4_r4,75.14228987
awb2_11_upsetting_4_a4,haven_labelled,How upsetting if you felt under control of a special power?,awb2_11_upsetting_4_a4,97.98808736
awb2_11_pst_yr_4_a4,haven_labelled,How often you thought you were under control of a special power in past year,awb2_11_pst_yr_4_a4,98.02779616
awb2_11_cntrl_who_a4,haven_labelled,Who did you think was controlling you (at any time in the past)?,awb2_11_cntrl_who_a4,98.0939775
awb2_11_cntrl_no_will_a4,haven_labelled,"Did it control what you were doing or thinking, no will of your own",awb2_11_cntrl_no_will_a4,98.0542687
awb2_11_psychosis_9_r4,haven_labelled,Have you ever felt like you have special powers?,awb2_11_psychosis_9_r4,75.26141628
awb2_11_pst_yr_9_a4,haven_labelled,How often thought you were very special/have special powers past year,awb2_11_pst_yr_9_a4,97.61747187
awb7_1_wntr_mnths,haven_labelled,How often do you visit parks and green spaces? During the winter months,awb7_1_wntr_mnths,7.822634017
awb7_1_smmr_mnths,haven_labelled,How often do you visit parks and green spaces? During the spring/summer months,awb7_1_smmr_mnths,8.431502316
awb7_2_pollution,haven_labelled,What do you think about the air quality in Bradford?,awb7_2_pollution,8.232958306
awb7_3_clmte_chnge_feelng,haven_labelled,How pos/neg do you feel about the future of the environment?,awb7_3_clmte_chnge_feelng,10.11250827
awb7_1_like,haven_labelled,School: I enjoy school,awb7_1_like,8.352084712
awb7_1_trust,haven_labelled,School: There is an adult at school I can talk to if something is worrying me,awb7_1_trust,9.56982131
awb7_1_bullying_1_on,haven_labelled,Is bullying a problem at your school?,awb7_1_bullying_1_on,100
awb7_1_bullying_1_off,haven_labelled,Is bullying a problem at your school?,awb7_1_bullying_1_off,100
awb7_1_bullying_1,haven_labelled,Is bullying a problem at your school?,awb7_1_bullying_1,11.237591
awb7_1_safe_r8,haven_labelled,I feel safe when I am at school,awb7_1_safe_r8,9.609530113
awb7_1_safe1_r8,haven_labelled,I feel safe when I am at school,awb7_1_safe1_r8,100
awb7_2_grades_a5,haven_labelled,School pressure: Competition with other people for grades is intense,awb7_2_grades_a5,10.7081403
awb7_2_fam_diss_a5,haven_labelled,School pressure: If I dont do well in school my family will be disappointed,awb7_2_fam_diss_a5,9.993381866
awb7_2_prnt_preshr_a5,haven_labelled,School pressure: My teachers put too much pressure on me to do well in school,awb7_2_prnt_preshr_a5,10.23163468
awb7_2_progrssng_a5,haven_labelled,School pressure: Im worried about progressing in the future,awb7_2_progrssng_a5,10.28457975
awb7_2_dnt_do_well_a5,haven_labelled,"School pressure: If I dont do well in school, Ill be a failure",awb7_2_dnt_do_well_a5,10.44341496
awb7_2_acad_strss_r8,haven_labelled,School pressure: Often feel stressed because of pressure to do well in school,awb7_2_acad_strss_r8,10.93315685
awb7_2_test_wrries_a5,haven_labelled,"School pressure: I worry about doing well in tests, exams and assessments",awb7_2_test_wrries_a5,10.60225017
awb2_7_friends_physcl_a5,haven_labelled,How many in-person friends do you have?,awb2_7_friends_physcl_a5,100
awb2_7_friends_physcl_r10,haven_labelled,How many in-person friends do you have?,awb2_7_friends_physcl_r10,9.900727995
awb2_7_friends_onln_a5,haven_labelled,How many online friends do you have?,awb2_7_friends_onln_a5,100
awb2_7_friends_onln_r10,haven_labelled,How many online friends do you have?,awb2_7_friends_onln_r10,10.15221707
awb2_7_friends_clse_a5,haven_labelled,Do you have any close friends?,awb2_7_friends_clse_a5,10.23163468
awb2_7_friends_clse_1_a5,haven_labelled,How many of your close friends work hard at school?,awb2_7_friends_clse_1_a5,100
awb2_7_friends_clse_2_a5,haven_labelled,How many of your close friends get into a lot of trouble at school?,awb2_7_friends_clse_2_a5,100
awb8_1_morality_1,haven_labelled,Is it wrong for someone your age to start a fight?,awb8_1_morality_1,100
awb8_1_morality_1_r10,haven_labelled,Do people your age: Start a fight with someone?,awb8_1_morality_1_r10,11.67438782
awb8_1_morality_2,haven_labelled,Is it wrong for someone your age to spray paint on buildings?,awb8_1_morality_2,100
awb8_1_morality_2_r10,haven_labelled,"Do people your age: Write things/spray paint on a building, fence, train",awb8_1_morality_2_r10,12.52150893
awb8_1_morality_3,haven_labelled,Is it wrong for someone your age to steal something from a shop?,awb8_1_morality_3,100
awb8_1_morality_3_r10,haven_labelled,Do people your age: Take something from a shop without paying for it,awb8_1_morality_3_r10,12.69358041
awb8_1_morality_4,haven_labelled,Is it wrong for someone your age to download content without paying?,awb8_1_morality_4,100
awb8_1_morality_4_r10,haven_labelled,Do people your age: Copy/download music/games/films without paying,awb8_1_morality_4_r10,13.69953673
awb8_3_bully,haven_labelled,How often have you taken part in bullying somebody at school?,awb8_3_bully,13.97749835
awb8_2_bullied,haven_labelled,How often have you been bullied at school in the past couple of months?,awb8_2_bullied,14.13633355
awb8_2_bullied_onlne,haven_labelled,How often have you been bullied online?,awb8_2_bullied_onlne,14.70549305
awb8_2_bully_onlne,haven_labelled,"In the past couple of months, how often have you taken part in online bullying?",awb8_2_bully_onlne,14.4010589
awb8_2_club_1,haven_labelled,Have you ever been discouraged from joining a club/group?,awb8_2_club_1,13.68630046
awb8_2_club_rsn_1___1,haven_labelled,Were you discourage from joining a club/group because your ethnicity?,awb8_2_club_rsn_1___1,0
awb8_2_club_rsn_1___2,haven_labelled,Were you discourage from joining a club/group because your sex/gender?,awb8_2_club_rsn_1___2,0
awb8_2_club_rsn_1___3,haven_labelled,Were you discourage from joining a club/group because your disability?,awb8_2_club_rsn_1___3,0
awb8_2_club_rsn_1___4,haven_labelled,Were you discourage from joining a club/group because your religion?,awb8_2_club_rsn_1___4,0
awb8_2_club_rsn_1___5,haven_labelled,Were you discourage from joining a club/group because your class?,awb8_2_club_rsn_1___5,0
awb8_2_club_rsn_1___6,haven_labelled,Were you discourage from joining a club/group because your neurodiversity?,awb8_2_club_rsn_1___6,0
awb8_2_club_rsn_1___7,haven_labelled,Were you discourage from joining a club/group because your sexuality?,awb8_2_club_rsn_1___7,0
awb8_2_club_rsn_1___8,haven_labelled,Were you discourage from joining a club/group because of something else?,awb8_2_club_rsn_1___8,0
awb8_2_club_rsn_2,character,Were you discourage from joining a club/group because of something else?,awb8_2_club_rsn_2,0
awb8_2_excl_2,haven_labelled,Have others your age not included you in their activities?,awb8_2_excl_2,14.2819325
awb8_2_excl_rsn_1___1,haven_labelled,Were you excluded from activities because of your ethnicity?,awb8_2_excl_rsn_1___1,0
awb8_2_excl_rsn_1___2,haven_labelled,Were you excluded from activities because of your sex/gender?,awb8_2_excl_rsn_1___2,0
awb8_2_excl_rsn_1___3,haven_labelled,Were you excluded from activities because of your disability?,awb8_2_excl_rsn_1___3,0
awb8_2_excl_rsn_1___4,haven_labelled,Were you excluded from activities because of your religion?,awb8_2_excl_rsn_1___4,0
awb8_2_excl_rsn_1___5,haven_labelled,Were you excluded from activities because of your class?,awb8_2_excl_rsn_1___5,0
awb8_2_excl_rsn_1___6,haven_labelled,Were you excluded from activities because of your neurodiversity?,awb8_2_excl_rsn_1___6,0
awb8_2_excl_rsn_1___7,haven_labelled,Were you excluded from activities because of your sexuality?,awb8_2_excl_rsn_1___7,0
awb8_2_excl_rsn_1___8,haven_labelled,Were you excluded from activities because of something else?,awb8_2_excl_rsn_1___8,0
awb8_2_excl_rsn_2,character,Were you excluded from activities because of something else?,awb8_2_excl_rsn_2,0
awb8_2_age_3,haven_labelled,Have people expected less of you than others your age?,awb8_2_age_3,15.60555923
awb8_2_age_rsn_1___1,haven_labelled,Did people expect less of you because of your ethnicity?,awb8_2_age_rsn_1___1,0
awb8_2_age_rsn_1___2,haven_labelled,Did people expect less of you because of your sex/gender?,awb8_2_age_rsn_1___2,0
awb8_2_age_rsn_1___3,haven_labelled,Did people expect less of you because of your disability?,awb8_2_age_rsn_1___3,0
awb8_2_age_rsn_1___4,haven_labelled,Did people expect less of you because of your religion?,awb8_2_age_rsn_1___4,0
awb8_2_age_rsn_1___5,haven_labelled,Did people expect less of you because of your class?,awb8_2_age_rsn_1___5,0
awb8_2_age_rsn_1___6,haven_labelled,Did people expect less of you because of your neurodiversity?,awb8_2_age_rsn_1___6,0
awb8_2_age_rsn_1___7,haven_labelled,Did people expect less of you because of your sexuality?,awb8_2_age_rsn_1___7,0
awb8_2_age_rsn_1___8,haven_labelled,Did people expect less of you because of something else?,awb8_2_age_rsn_1___8,0
awb8_2_age_rsn_2,character,Did people expect less of you because of something else?,awb8_2_age_rsn_2,0
awb8_2_lang_4,haven_labelled,Have people assumed your English was poor?,awb8_2_lang_4,14.10986102
awb8_2_lang_rsn_1___1,haven_labelled,Did people assume your English was poor because of your ethnicity?,awb8_2_lang_rsn_1___1,0
awb8_2_lang_rsn_1___2,haven_labelled,Did people assume your English was poor because of your sex/gender?,awb8_2_lang_rsn_1___2,0
awb8_2_lang_rsn_1___3,haven_labelled,Did people assume your English was poor because of your disability?,awb8_2_lang_rsn_1___3,0
awb8_2_lang_rsn_1___4,haven_labelled,Did people assume your English was poor because of your religion?,awb8_2_lang_rsn_1___4,0
awb8_2_lang_rsn_1___5,haven_labelled,Did people assume your English was poor because of your class?,awb8_2_lang_rsn_1___5,0
awb8_2_lang_rsn_1___6,haven_labelled,Did people assume your English was poor because of your neurodiversity?,awb8_2_lang_rsn_1___6,0
awb8_2_lang_rsn_1___7,haven_labelled,Did people assume your English was poor because of your sexuality?,awb8_2_lang_rsn_1___7,0
awb8_2_lang_rsn_1___8,haven_labelled,Did people assume your English was poor because of something else?,awb8_2_lang_rsn_1___8,0
awb8_2_lang_rsn_2,character,Did people assume your English was poor because of something else?,awb8_2_lang_rsn_2,0
awb8_2_police_5,haven_labelled,Have you ever been hassled by police?,awb8_2_police_5,14.18927862
awb8_2_police_rsn_1___1,haven_labelled,Were you hassled by police because of your ethnicity?,awb8_2_police_rsn_1___1,0
awb8_2_police_rsn_1___2,haven_labelled,Were you hassled by police because of your sex/gender?,awb8_2_police_rsn_1___2,0
awb8_2_police_rsn_1___3,haven_labelled,Were you hassled by police because of your disability?,awb8_2_police_rsn_1___3,0
awb8_2_police_rsn_1___4,haven_labelled,Were you hassled by police because of your religion?,awb8_2_police_rsn_1___4,0
awb8_2_police_rsn_1___5,haven_labelled,Were you hassled by police because of your class?,awb8_2_police_rsn_1___5,0
awb8_2_police_rsn_1___6,haven_labelled,Were you hassled by police because of your neurodiversity?,awb8_2_police_rsn_1___6,0
awb8_2_police_rsn_1___7,haven_labelled,Were you hassled by police because of your sexuality?,awb8_2_police_rsn_1___7,0
awb8_2_police_rsn_1___8,haven_labelled,Were you hassled by police because of something else?,awb8_2_police_rsn_1___8,0
awb8_2_police_rsn_2,character,Were you hassled by police because of something else?,awb8_2_police_rsn_2,0
awb8_2_shop_6,haven_labelled,Have you ever been hassled by staff in a shop?,awb8_2_shop_6,14.26869623
awb8_2_shop_rsn_1___1,haven_labelled,Were you hassled by staff in a shop because of your ethnicity?,awb8_2_shop_rsn_1___1,0
awb8_2_shop_rsn_1___2,haven_labelled,Were you hassled by staff in a shop because of your sex/gender?,awb8_2_shop_rsn_1___2,0
awb8_2_shop_rsn_1___3,haven_labelled,Were you hassled by staff in a shop because of your disability?,awb8_2_shop_rsn_1___3,0
awb8_2_shop_rsn_1___4,haven_labelled,Were you hassled by staff in a shop because of your religion?,awb8_2_shop_rsn_1___4,0
awb8_2_shop_rsn_1___5,haven_labelled,Were you hassled by staff in a shop because of your class?,awb8_2_shop_rsn_1___5,0
awb8_2_shop_rsn_1___6,haven_labelled,Were you hassled by staff in a shop because of your neurodiversity?,awb8_2_shop_rsn_1___6,0
awb8_2_shop_rsn_1___7,haven_labelled,Were you hassled by staff in a shop because of your sexuality?,awb8_2_shop_rsn_1___7,0
awb8_2_shop_rsn_1___8,haven_labelled,Were you hassled by staff in a shop because of something else?,awb8_2_shop_rsn_1___8,0
awb8_2_shop_rsn_2,character,Were you hassled by staff in a shop because of something else?,awb8_2_shop_rsn_2,0
awb8_2_names_7,haven_labelled,Have you ever been called insulting names?,awb8_2_names_7,14.25545996
awb8_2_names_rsn_1___1,haven_labelled,Were you called insulting names because of your ethnicity?,awb8_2_names_rsn_1___1,0
awb8_2_names_rsn_1___2,haven_labelled,Were you called insulting names because of your sex/gender?,awb8_2_names_rsn_1___2,0
awb8_2_names_rsn_1___3,haven_labelled,Were you called insulting names because of your disability?,awb8_2_names_rsn_1___3,0
awb8_2_names_rsn_1___4,haven_labelled,Were you called insulting names because of your religion?,awb8_2_names_rsn_1___4,0
awb8_2_names_rsn_1___5,haven_labelled,Were you called insulting names because of your class?,awb8_2_names_rsn_1___5,0
awb8_2_names_rsn_1___6,haven_labelled,Were you called insulting names because of your neurodiversity?,awb8_2_names_rsn_1___6,0
awb8_2_names_rsn_1___7,haven_labelled,Were you called insulting names because of your sexuality?,awb8_2_names_rsn_1___7,0
awb8_2_names_rsn_1___8,haven_labelled,Were you called insulting names because of something else?,awb8_2_names_rsn_1___8,0
awb8_2_names_rsn_2,character,Were you called insulting names because of something else?,awb8_2_names_rsn_2,0
awb8_2_service_8,haven_labelled,Have you ever received poor service in a shop/restaurant?,awb8_2_service_8,14.73196559
awb8_2_service_rsn_1___1,haven_labelled,Did you receive poor service because of your ethnicity?,awb8_2_service_rsn_1___1,0
awb8_2_service_rsn_1___2,haven_labelled,Did you receive poor service because of your sex/gender?,awb8_2_service_rsn_1___2,0
awb8_2_service_rsn_1___3,haven_labelled,Did you receive poor service because of your disability?,awb8_2_service_rsn_1___3,0
awb8_2_service_rsn_1___4,haven_labelled,Did you receive poor service because of your religion?,awb8_2_service_rsn_1___4,0
awb8_2_service_rsn_1___5,haven_labelled,Did you receive poor service because of your class?,awb8_2_service_rsn_1___5,0
awb8_2_service_rsn_1___6,haven_labelled,Did you receive poor service because of your neurodiversity?,awb8_2_service_rsn_1___6,0
awb8_2_service_rsn_1___7,haven_labelled,Did you receive poor service because of your sexuality?,awb8_2_service_rsn_1___7,0
awb8_2_service_rsn_1___8,haven_labelled,Did you receive poor service because of something else?,awb8_2_service_rsn_1___8,0
awb8_2_service_rsn_2,character,Did you receive poor service because of something else?,awb8_2_service_rsn_2,0
awb8_2_int_9,haven_labelled,Have people ever acted as though you were not intelligent?,awb8_2_int_9,14.82461946
awb8_2_int_rsn_1___1,haven_labelled,Did people act as though you weren't intelligent because of your ethnicity?,awb8_2_int_rsn_1___1,0
awb8_2_int_rsn_1___2,haven_labelled,Did people act as though you weren't intelligent because of your sex/gender?,awb8_2_int_rsn_1___2,0
awb8_2_int_rsn_1___3,haven_labelled,Did people act as though you weren't intelligent because of your disability?,awb8_2_int_rsn_1___3,0
awb8_2_int_rsn_1___4,haven_labelled,Did people act as though you weren't intelligent because of your religion?,awb8_2_int_rsn_1___4,0
awb8_2_int_rsn_1___5,haven_labelled,Did people act as though you weren't intelligent because of your class?,awb8_2_int_rsn_1___5,0
awb8_2_int_rsn_1___6,haven_labelled,Did people act as though you weren't intelligent because of your neurodiversity?,awb8_2_int_rsn_1___6,0
awb8_2_int_rsn_1___7,haven_labelled,Did people act as though you werent intelligent because of your sexuality?,awb8_2_int_rsn_1___7,0
awb8_2_int_rsn_1___8,haven_labelled,Did people act as though you weren't intelligent because of something else?,awb8_2_int_rsn_1___8,0
awb8_2_int_rsn_2,character,Did people act as though you weren't intelligent because of something else?,awb8_2_int_rsn_2,0
awb8_2_afraid_10,haven_labelled,Have people ever acted like they're afraid of you?,awb8_2_afraid_10,14.63931171
awb8_2_afraid_rsn_1___1,haven_labelled,Did people act afraid of you because of your ethnicity?,awb8_2_afraid_rsn_1___1,0
awb8_2_afraid_rsn_1___2,haven_labelled,Did people act afraid of you because of your sex/gender?,awb8_2_afraid_rsn_1___2,0
awb8_2_afraid_rsn_1___3,haven_labelled,Did people act afraid of you because of your disability?,awb8_2_afraid_rsn_1___3,0
awb8_2_afraid_rsn_1___4,haven_labelled,Did people act afraid of you because of your religion?,awb8_2_afraid_rsn_1___4,0
awb8_2_afraid_rsn_1___5,haven_labelled,Did people act afraid of you because of your class?,awb8_2_afraid_rsn_1___5,0
awb8_2_afraid_rsn_1___6,haven_labelled,Did people act afraid of you because of your neurodiversity?,awb8_2_afraid_rsn_1___6,0
awb8_2_afraid_rsn_1___7,haven_labelled,Did people act afraid of you because of your sexuality?,awb8_2_afraid_rsn_1___7,0
awb8_2_afraid_rsn_1___8,haven_labelled,Did people act afraid of you because of something else?,awb8_2_afraid_rsn_1___8,0
awb8_2_afraid_rsn_2,character,Did people act afraid of you because of something else?,awb8_2_afraid_rsn_2,0
awb8_2_threat_11,haven_labelled,Have you ever been threatened?,awb8_2_threat_11,15.02316347
awb8_2_threat_rsn_1___1,haven_labelled,Were you threatened because of your ethnicity?,awb8_2_threat_rsn_1___1,0
awb8_2_threat_rsn_1___2,haven_labelled,Were you threatened because of your sex/gender?,awb8_2_threat_rsn_1___2,0
awb8_2_threat_rsn_1___3,haven_labelled,Were you threatened because of your disability?,awb8_2_threat_rsn_1___3,0
awb8_2_threat_rsn_1___4,haven_labelled,Were you threatened because of your religion?,awb8_2_threat_rsn_1___4,0
awb8_2_threat_rsn_1___5,haven_labelled,Were you threatened because of your class?,awb8_2_threat_rsn_1___5,0
awb8_2_threat_rsn_1___6,haven_labelled,Were you threatened because of your neurodiversity?,awb8_2_threat_rsn_1___6,0
awb8_2_threat_rsn_1___7,haven_labelled,Were you threatened because of your sexuality?,awb8_2_threat_rsn_1___7,0
awb8_2_threat_rsn_1___8,haven_labelled,Were you threatened because of something else?,awb8_2_threat_rsn_1___8,0
awb8_2_threat_rsn_2,character,Were you threatened because of something else?,awb8_2_threat_rsn_2,0
awb6_1_social_media___1,haven_labelled,Which social media platforms do you use? Tick all that apply (choice=Facebook),awb6_1_social_media___1,100
awb6_1_social_media___2,haven_labelled,Which social media platforms do you use? Tick all that apply (choice=Instagram),awb6_1_social_media___2,100
awb6_1_social_media___3,haven_labelled,Which social media platforms do you use? Tick all that apply (choice=Twitter),awb6_1_social_media___3,100
awb6_1_social_media___4,haven_labelled,Which social media platforms do you use? Tick all that apply (choice=TikTok),awb6_1_social_media___4,100
awb6_1_social_media___5,haven_labelled,Which social media platforms do you use? Tick all that apply (choice=Snapchat),awb6_1_social_media___5,100
awb6_1_social_media___6,haven_labelled,Which social media platforms do you use? Tick all that apply (choice=Twitch),awb6_1_social_media___6,100
awb6_1_social_media___7,haven_labelled,Which social media platforms do you use? Tick all that apply (choice=Omegle),awb6_1_social_media___7,100
awb6_1_social_media___8,haven_labelled,Which social media platforms do you use? Tick all that apply (choice=Yubo),awb6_1_social_media___8,100
awb6_1_social_media___9,haven_labelled,Which social media platforms do you use? Tick all that apply (choice=Kik),awb6_1_social_media___9,100
awb6_1_social_media___10,haven_labelled,Which social media platforms do you use? Tick all that apply (choice=Discord),awb6_1_social_media___10,100
awb6_1_social_media___11,haven_labelled,Which social media platforms do you use? Tick all that apply (choice=Other),awb6_1_social_media___11,100
awb6_1_social_media_othr,character,Which social media platforms do you use? Tick all that apply (choice=Other),awb6_1_social_media_othr,0
awb6_1_social_media_r10___1,haven_labelled,Which social media platforms do you use? Tick all that apply (choice=Facebook),awb6_1_social_media_r10___1,0
awb6_1_social_media_r10___2,haven_labelled,Which social media platforms do you use? Tick all that apply (choice=Instagram),awb6_1_social_media_r10___2,0
awb6_1_social_media_r10___3,haven_labelled,Which social media platforms do you use? Tick all that apply (choice=X (formerly,awb6_1_social_media_r10___3,0
awb6_1_social_media_r10___4,haven_labelled,Which social media platforms do you use? Tick all that apply (choice=TikTok),awb6_1_social_media_r10___4,0
awb6_1_social_media_r10___5,haven_labelled,Which social media platforms do you use? Tick all that apply (choice=Snapchat),awb6_1_social_media_r10___5,0
awb6_1_social_media_r10___11,haven_labelled,Which social media platforms do you use? Tick all that apply (choice=Other),awb6_1_social_media_r10___11,0
awb6_1_time_weekday,haven_labelled,How many hours spent using social media during term time?,awb6_1_time_weekday,18.00132363
awb6_1_time_weekend,haven_labelled,How many hrs do you spend using social media at weekend in term time?,awb6_1_time_weekend,19.80145599
awb6_1_positive_exp___1,haven_labelled,Has connecting with friends been a positive experience of social media?,awb6_1_positive_exp___1,0
awb6_1_positive_exp___2,haven_labelled,Has viewing enjoyable content been a positive experience of social media?,awb6_1_positive_exp___2,0
awb6_1_positive_exp___3,haven_labelled,Has learning new things  been a positive experience of social media?,awb6_1_positive_exp___3,0
awb6_1_positive_exp___4,haven_labelled,Has accessing support been a positive experience of social media?,awb6_1_positive_exp___4,0
awb6_1_positive_exp___5,haven_labelled,Has engaging positively with issues been a positive experience of social media?,awb6_1_positive_exp___5,0
awb6_1_positive_exp___6,haven_labelled,Has there been any other positive experience of social media?,awb6_1_positive_exp___6,0
awb6_1_positive_exp_othr,character,Has there been any other positive experience of social media?,awb6_1_positive_exp_othr,0
awb6_1_negative_exp_r5___1,haven_labelled,Has people being unpleasant about you been negative experience of social media?,awb6_1_negative_exp_r5___1,0
awb6_1_negative_exp_r5___2,haven_labelled,Has people bullying you been a negative experience of social media?,awb6_1_negative_exp_r5___2,0
awb6_1_negative_exp_r5___3,haven_labelled,Has upsetting content been a negative experience of social media?,awb6_1_negative_exp_r5___3,0
awb6_1_negative_exp_r5___4,haven_labelled,Has sexually explicit images been a negative experience of social media?,awb6_1_negative_exp_r5___4,0
awb6_1_negative_exp_r5___5,haven_labelled,Has regrettably posting something online been a negative experience of social media?,awb6_1_negative_exp_r5___5,0
awb6_1_negative_exp_r5___6,haven_labelled,You havent experience any negative experience of social media,awb6_1_negative_exp_r5___6,0
awb6_1_negative_exp_r5___7,haven_labelled,You've had a negative experience of social media for another reason,awb6_1_negative_exp_r5___7,0
awb6_1_neg_exp_othr_r5,character,You've had a negative experience of social media for another reason,awb6_1_neg_exp_othr_r5,0
awb6_1_pos_neg,haven_labelled,Has your experience of using social media been mostly positive or negative?,awb6_1_pos_neg,17.60423561
awb6_6_int_hme,haven_labelled,Do you have access to the internet at home?,awb6_6_int_hme,14.05691595
awb6_6_int_hme_gd,haven_labelled,How good is your internet at home?,awb6_6_int_hme_gd,17.06154864
awb6_6_int_hme_hrs,haven_labelled,How much time do you spend on the internet at home on a school day?,awb6_6_int_hme_hrs,100
awb6_6_int_hme_hrs_wknd,haven_labelled,How much time do you spend on the internet at home on a weekend day?,awb6_6_int_hme_hrs_wknd,100
survey_age_diff,numeric,Age (months) at survey date,survey_age_diff,0
age_m_heightweight,numeric,Age in months at measurement,age_m_heightweight,71.75380543
age_y,numeric,Age in years at measurement,age_y,71.75380543
height,numeric,Height (cm),height,71.76704169
weight,numeric,Weight (kg),weight,72.36267373
bmi,numeric,BMI (kg/m2),bmi,72.37590999
age_m_skinfold,numeric,Age in months at measurement,age_m_skinfold,74.67902052
sk_tricep,numeric,Triceps skinfold (mm),sk_tricep,74.89080079
sk_subscap,numeric,Subscapular skinfold (mm),sk_subscap,81.83984116
age_m_bloodpressure,numeric,Age in months at measurement,age_m_bloodpressure,72.48180013
bp_sys_1,numeric,Systolic reading 1 (mm Hg),bp_sys_1,72.56121774
bp_dia_1,numeric,Diastolic reading 1 (mm Hg),bp_dia_1,72.58769027
bp_sys_2,numeric,Systolic reading 2 (mm Hg),bp_sys_2,72.97154203
bp_dia_2,numeric,Diastolic reading 2 (mm Hg),bp_dia_2,72.99801456
age_m_bioimpedance,numeric,Age (months) at measurement,age_m_bioimpedance,80.42356056
model,character,Bioimpedance scale model,model,80.42356056
clothes,numeric,Estimated weight of clothes (kg),clothes,80.42356056
fatp,numeric,Total fat %,fatp,80.42356056
fatm,numeric,Fat mass (kg),fatm,80.42356056
pmm,numeric,Predicted muscle mass (kg),pmm,80.42356056
ffm,numeric,Fat free mass (kg),ffm,80.42356056
tbw,numeric,Total body water (%),tbw,80.42356056
imp,numeric,Impedance (ohms),imp,80.42356056
